id,coaster_name,Location,Continent,Country
15HY88,10 Inversion Roller Coaster,Chimelong Paradise,Asia,China
45VU57,Abyss ,Adventure World,Oceania,Australia
13AD84,Abyssus,Energylandia,Europe,Poland
35OI24,Accelerator ,Drayton Manor Theme Park,Europe,United Kingdom
34OB28,Acrobat ,Nagashima Spa Land,Asia,Japan
21RA97,Adrenaline Peak,Oaks Amusement Park,North America,United States
12RC67,Adventure Express,Kings Island,North America,United States
26RT40,Aero Dips,Euclid Beach Park,North America,United States
94TD25,Afterburn ,Carowinds,North America,United States
83IM10,Afterburner ,Fun Spot Amusement Park & Zoo,North America,United States
40FI55,Air Grover,"Tampa, Florida, U.S.",North America,United States
70DJ54,Airplane Coaster,Playland,North America,United States
52RU32,Alpenexpress Enzian,Europa-Park,Europe,Germany
75IN78,Alpengeist,Busch Gardens Williamsburg,North America,United States
71CQ75,Alpina Blitz,Nigloland,Europe,France
80OG79,Alpine Bobsled,Six Flags Great Adventure,North America,United States
61CT87,Alpine Bobsled,Six Flags Great America,North America,United States
17KK77,Alpine Bobsled,Six Flags Great Escape,North America,United States
32HT63,Alpine Sleigh Ride,Santa's Village,North America,United States
69UB28,American Dreier Looping,Freizeitpark Plohn,Europe,Germany
79TT84,American Dreier Looping,La Feria Chapultepec Mágico,North America,Mexico
51TG69,American Dreier Looping,Wonderland Eurasia,Asia,Turkey
32GI29,American Eagle ,Six Flags Great America,North America,United States
20XN77,American Thunder ,Six Flags St. Louis,North America,United States
64QZ68,Anaconda ,Kings Dominion,North America,United States
72WI44,Anaconda ,Walygator Parc,Europe,France
82GG55,Apocalypse: The Ride,Six Flags Magic Mountain,North America,United States
73VH76,Apollo's Chariot,Busch Gardens Williamsburg,North America,United States
88HR48,Apple Zapple ,Kings Dominion,North America,United States
85BD60,Aquaman: Power Wave,Six Flags Over Texas,North America,United States
11WO24,ArieForce One,Fun Spot America Atlanta,North America,United States
14BA70,Arkansas Twister,Magic Springs and Crystal Falls,North America,United States
25CA24,Arkham Asylum - Shock Therapy,Warner Bros. Movie World,Oceania,Australia
95PO15,Arkham Asylum - Shock Therapy,Warner Bros. Movie World,Europe,Spain
51TO49,Arthur - The Ride,Europa-Park,Europe,Germany
69HZ62,Astro Storm,Fantasy Island,Europe,United Kingdom
61SE93,Astro Storm,Ingoldmells,Europe,United Kingdom
99UJ73,Atlantica SuperSplash,Europa-Park,Europe,Germany
57RH49,Atlantis Adventure,Lotte World,Asia,South Korea
62BI84,Avalancha ,Xetulul Theme Park,Central America,Guatemala
62OY84,Avalanche ,Blackpool Pleasure Beach,Europe,United Kingdom
98LZ45,Avalanche ,Kings Dominion,North America,United States
63RE43,Back at the Barnyard Hayride,Nickelodeon Universe,North America,United States
14QJ63,Backety-Back Scenic Railway,Crystal Beach,North America,United States
63XL41,Backlot Stunt Coaster,Canada's Wonderland,North America,Canada
12TI15,Backlot Stunt Coaster,Kings Dominion,North America,United States
86ZZ66,Backyardigans: Mission to Mars,Movie Park Germany,Europe,Germany
90IG28,Balder ,Liseberg,Europe,Sweden
64FB35,Bandit ,Movie Park Germany,Europe,Germany
34ZD45,Bandit ,Yomiuriland,Asia,Japan
72PL56,Banshee ,Kings Island,North America,United States
64KQ46,Baron 1898,Efteling,Europe,Netherlands
73ZP13,Bat ,Lagoon Amusement Park,North America,United States
77EV47,Batman & Robin: The Chiller,Six Flags Great Adventure,North America,United States
24OM21,Batman The Escape,Six Flags Magic Mountain,North America,United States
54RR98,Batman: Arkham Asylum ,Parque Warner Madrid,Europe,Spain
81BX31,Batman: The Dark Knight ,Six Flags New England,North America,United States
31MI33,Batman: The Ride,Six Flags America,North America,United States
11OG90,Batman: The Ride,Six Flags Great Adventure,North America,United States
10IL81,Batman: The Ride,Six Flags Great America,North America,United States
23EF54,Batman: The Ride,Six Flags Magic Mountain,North America,United States
63ET72,Batman: The Ride,Six Flags Over Georgia,North America,United States
35ZU65,Batman: The Ride,Six Flags Over Texas,North America,United States
57OQ13,Batman: The Ride,Six Flags St. Louis,North America,United States
87AW85,Batman: The Ride ,Six Flags Discovery Kingdom,North America,United States
95RO51,Batman: The Ride ,Six Flags Fiesta Texas,North America,United States
33JM14,Batman: The Ride ,Six Flags Mexico,North America,Mexico
16YL59,Battlestar Galactica ,Universal Studios Singapore,Asia,Singapore
84BP64,Batwing ,Six Flags America,North America,United States
31IU81,Beast ,Alton Towers,Europe,United Kingdom
22ZI98,Beastie ,Alton Towers,Europe,United Kingdom
25DW18,Behemoth ,Canada's Wonderland,North America,Canada
51NN54,Big Apple Coaster,New York-New York Hotel and Casino,North America,United States
11DF11,Big Bad Wolf ,Busch Gardens Williamsburg,North America,United States
74NU78,Big Dipper ,Battersea Park,Europe,United Kingdom
77AW47,Big Dipper ,Blackpool Pleasure Beach,Europe,United Kingdom
14FA76,Big Dipper ,Camden Park,North America,United States
56IS56,Big Dipper ,Geauga Lake,North America,United States
89YH58,Big Dipper ,Luna Park Sydney,Oceania,Australia
69OP36,Big Fury,Six Flags Great Adventure,North America,United States
51EV46,Big Grizzly Mountain Runaway Mine Cars,Hong Kong Disneyland,North America,United States
98VL62,Big Thunder Mountain,Tokyo Disneyland,Asia,Japan
23TR19,Big Thunder Mountain Railroad,Magic Kingdom,North America,United States
86RI33,Big Thunder Mountain Railroad ,Disneyland,North America,United States
93CA75,Bizarro ,Six Flags Great Adventure,North America,United States
62ZM36,Black Diamond ,Knoebels Amusement Resort,North America,United States
10TP46,Black Hole ,Alton Towers,Europe,United Kingdom
60XX28,Black Mamba ,Phantasialand,Europe,Germany
15QW25,Blue Fire,Europa-Park,Europe,Germany
49NA27,Blue Flyer,Blackpool Pleasure Beach,Europe,United Kingdom
21MM62,Blue Hawk ,Six Flags Over Georgia,North America,United States
26QZ68,Blue Streak ,Cedar Point,North America,United States
98IZ53,Blue Streak ,Conneaut Lake Park,North America,United States
16QD72,Blue Tornado ,Gardaland,Europe,Italy
58FL27,Boardwalk Bullet,Kemah Boardwalk,North America,United States
65YF74,Bocaraca,La Feria Chapultepec Magico,North America,Mexico
91ER56,BomBora ,Lagoon,North America,United States
10AM89,Boomerang ,La Ronde,North America,Canada
35EK19,Boomerang ,Six Flags Discovery Kingdom,North America,United States
44ZM57,Boomerang: Coast to Coaster,Six Flags Fiesta Texas,North America,United States
84XW74,Boomerang: Coast to Coaster,Six Flags Great Adventure,North America,United States
46ZN48,Boomerang: Coast to Coaster,Six Flags Mexico,North America,Mexico
28MS92,Boomerang: Coast to Coaster,Six Flags New England,North America,United States
65IY22,Boomerang: Coast to Coaster,Six Flags St. Louis,North America,United States
55AH45,Booster Bike,Toverland,Europe,Netherlands
65BV97,Boulder Dash ,Lake Compounce,North America,United States
22PZ31,BuzzSaw ,Dreamworld,Oceania,Australia
61ML34,Cactus Coaster,Adventureland (Iowa),North America,United States
81SF46,California Screamin',Disney California Adventure,North America,United States
68PF49,Candymonium,Hersheypark,North America,United States
90FB15,Cannibal ,Lagoon,North America,United States
31WQ17,Cannon Ball ,Lake Winnepesaukah,North America,United States
87IB12,Cannon Coaster,Coney Island,North America,United States
85SB25,Cannonball Express ,Pleasurewood Hills,Europe,United Kingdom
22OR59,Cannonball Run ,Waterville USA,North America,United States
15QD68,Canobie Corkscrew,Canobie Lake Park,North America,United States
51LO55,Canopy Flyer,Universal Studios Singapore,Asia,Singapore
46EB37,Canyon Blaster ,Adventuredome,North America,United States
50CU46,Canyon Blaster ,Great Escape,North America,United States
90WK57,Canyon Blaster ,Six Flags Magic Mountain,North America,United States
10KT62,Carolina Cyclone,Carowinds,North America,United States
33KA32,Carolina Goldrusher,Carowinds,North America,United States
17AT99,Catwoman's Whip,Six Flags New England,North America,United States
78QM74,Cedar Creek Mine Ride,Cedar Point,North America,United States
12AG59,Chang ,Kentucky Kingdom,North America,United States
85SG96,Cheetah ,Wild Adventures,North America,United States
48BK61,Cheetah Hunt,Busch Gardens Tampa Bay,North America,United States
88AE73,Cliffhanger,Glenwood Caverns Adventure Park,North America,United States
57GA72,Coast Rider,Knott's Berry Farm,North America,United States
81AB42,Cobra ,La Ronde,North America,Canada
53LC17,Cobra ,PowerPark,Europe,Finland
10DU92,Cobra ,Tivoli Friheden,Europe,Denmark
27XJ15,Cobra's Curse,Busch Gardens Tampa Bay,North America,United States
70FY96,Colorado Adventure,Phantasialand,Europe,Germany
65XB99,Colossos - Kampf der Giganten,Heide Park,Europe,Germany
53OZ99,Colossus ,Playcenter Sao Paulo,South America,Brazil
87IN66,Colossus ,Six Flags Magic Mountain,North America,United States
24YM75,Colossus ,Thorpe Park,Europe,United Kingdom
98GB56,Colossus the Fire Dragon,Lagoon Amusement Park,North America,United States
70RR80,Comet ,Hersheypark,North America,United States
51HL62,Comet ,Lincoln Park,North America,United States
51CD53,Comet ,Waldameer Park,North America,United States
94UX12,Comet Express,Great Escape,North America,United States
63DQ78,Condor ,Walibi Holland,Europe,Netherlands
73JT72,Coney Island Cyclone,"Luna Park, Coney Island",North America,United States
16XO34,Copperhead Strike,Carowinds,North America,United States
13GE46,Corkscrew ,Alton Towers,Europe,United Kingdom
67IZ33,Corkscrew ,Cedar Point,North America,United States
21KE14,Corkscrew ,Knott's Berry Farm,North America,United States
45MP79,Corkscrew ,"Muskegon, Michigan, United States",North America,United States
25FA74,Corkscrew ,Playland,North America,United States
18RN16,Corkscrew ,Silverwood Theme Park,North America,United States
19MM77,Corkscrew ,Valleyfair,North America,United States
27WO33,Cornball Express,Indiana Beach,North America,United States
59YX28,Cosmic Coaster ,Valleyfair,North America,United States
87AI93,Cosmic Coaster ,Worlds of Fun,North America,United States
84EW39,Crazy Bats,Phantasialand,Europe,Germany
11NY19,Crazy Bird,Happy Valley Tianjin,Asia,China
95VF65,Crush's Coaster,Walt Disney Studios Park,Europe,France
69YN82,Crystal Beach Cyclone,Crystal Beach Park,North America,United States
39EI61,Crystal Wing,Happy Valley Beijing,Asia,China
54TO94,Cyclone ,Lakeside Amusement Park,North America,United States
13GS63,Cyclone ,Palisades Amusement Park,North America,United States
41MH60,Cyclone ,Revere Beach,North America,United States
50JI41,Cyclone ,Six Flags New England,North America,United States
87VQ99,Cyclops ,Mt. Olympus Water & Theme Park,North America,United States
30VL40,Dæmonen,Tivoli Gardens,Europe,Denmark
90JM38,Dahlonega Mine Train,Six Flags Over Georgia,North America,United States
30MG93,Daidarasaurus,Expoland,Asia,Japan
94MS38,Dania Beach Hurricane,Boomers!,North America,United States
73MT59,Dare Devil Dive,Six Flags Over Georgia,North America,United States
71AJ71,Dauling Dragon,Happy Valley Wuhan,Asia,China
83HQ39,Dawson Duel ,Bellewaerde,Europe,Belgium
99BM74,DC Rivals HyperCoaster,Warner Bros. Movie World,Oceania,Australia
50MB70,De Vliegende Hollander,Efteling,Europe,Netherlands
34AR64,Deep Space ,Imagicaa,Asia,India
77SU13,Defiance ,Glenwood Caverns Adventure Park,North America,United States
33HB80,Déjà Vu,Six Flags Magic Mountain,North America,United States
31NX90,Demon ,Six Flags Great America,North America,United States
80PR61,Derby Racer,Revere Beach,North America,United States
81FA69,Desert Storm ,Castles N' Coasters,North America,United States
23TA74,Desmo Race,Mirabilandia,Europe,Italy
31LM40,Desperado ,Primm Valley Resorts,North America,United States
68TR56,Diamondback ,Kings Island,North America,United States
11JM20,Diavlo,Himeji Central Park,Asia,Japan
77DR42,Dinoconda,China Dinosaurs Park,Asia,China
42GR74,Disaster Transport,Cedar Point,North America,United States
48XL62,Dive Coaster ,Chimelong Paradise,Asia,China
20GI85,Diving Coaster,Happy Valley Shanghai,Asia,China
36VD23,Diving Machine G5,Janfusun Fancyworld,Asia,Taiwan
77BN97,Do-Dodonpa,Fuji-Q Highland,Asia,Japan
53UR50,Dominator ,Dorney Park & Wildwater Kingdom,North America,United States
11FD56,Dominator ,Kings Dominion,North America,United States
49RW23,Doo Wopper,Morey's Piers,North America,United States
59LA86,Double Loop ,Geauga Lake,North America,United States
24RA39,Dr. Diabolical's Cliffhanger,Six Flags Fiesta Texas,North America,United States
14IG87,Drachen Fire,Busch Gardens Williamsburg,North America,United States
59UC16,Dragon ,Adventureland (Iowa),North America,United States
57NH28,Dragon Challenge: Chinese Fireball,Universal's Islands of Adventure,North America,United States
65KQ80,Dragon Challenge: Hungarian Horntail,Universal's Islands of Adventure,North America,United States
19ME22,Dragon Coaster ,Dorney Park & Wildwater Kingdom,North America,United States
87NI48,Dragon Coaster ,Playland,North America,United States
97HI94,Dragon Express,Adventure World,Oceania,Australia
33ZQ56,Dragon Fyre,Canada's Wonderland,North America,Canada
49UB43,Dragon Khan,PortAventura Park,Europe,Spain
17RS12,Dragon Mountain,Marineland of Canada,North America,Canada
93AC30,Dragon Slayer ,Adventureland (Iowa),North America,United States
25BG17,Dragon Wagon ,Indiana Beach,North America,United States
47XU96,Dragonflier,Dollywood,North America,United States
74QP48,Dragonfly ,Duinrell,Europe,Netherlands
94PL79,Dragon's Fury ,Chessington World of Adventures,Europe,United Kingdom
54NW19,Dragon's Run,Janfusun Fancyworld,Asia,Taiwan
21KI53,Dreamcatcher ,Bobbejaanland,Europe,Belgium
94QD18,Drop the Dip,Coney Island,North America,United States
83EZ44,Dynamite ,Freizeitpark Plohn,Europe,Germany
53JT27,Eagle Fortress,Everland,Asia,South Korea
67IE72,Ednör – L'Attaque,La Ronde,North America,Canada
20KO96,Eejanaika ,Fuji-Q Highland,Asia,Japan
42UY97,El Loco ,Adventuredome,North America,United States
66WW98,El Toro ,Freizeitpark Plohn,Europe,Germany
60SY74,El Toro ,Six Flags Great Adventure,North America,United States
71ZU23,Electric Eel ,SeaWorld San Diego,North America,United States
45DU63,Emperor ,SeaWorld San Diego,North America,United States
18XH75,Enchanted Airways,Universal Studios Singapore,Asia,Singapore
13DZ98,Escape from Madagascar,Dreamworld,Oceania,Australia
28NN94,Escape of Novgorod,Hansa-Park,Europe,Germany
58VL39,Eureka Mountain Mine Ride,Dreamworld,Oceania,Australia
26DN88,Eurofighter ,Zoosafari Fasanolandia,Europe,Italy
54XL26,Euro-Mir,Europa-Park,Europe,Germany
63FB27,Eurosat - CanCan Coaster,Europa-Park,Europe,Germany
35KH85,Eurostar ,Europa-Park,Europe,Germany
77GL45,Excalibur ,Funtown Splashtown USA,North America,United States
85WR69,Excalibur ,Six Flags AstroWorld,North America,United States
66QB15,Excalibur ,Valleyfair,North America,United States
11YB50,Expedition Everest,Disney's Animal Kingdom,North America,United States
67ZZ85,Expedition GeForce,"Holiday Park, Germany",Europe,Germany
13EM95,Exterminator ,Kennywood,North America,United States
99GU97,Extremeroller,Worlds of Fun,North America,United States
57YQ91,F.L.Y. ,Phantasialand,Europe,Germany
10IC10,Fahrenheit ,Hersheypark,North America,United States
81EI17,Fairly Odd Coaster,Nickelodeon Universe,North America,United States
98BO47,Fairly Odd Coaster ,Carowinds,North America,United States
97QT33,Fairly Odd Coaster ,Kings Island,North America,United States
21PS15,Falcon ,Duinrell,Europe,Netherlands
70MD13,Family Inverted Coaster ,Happy Valley Shanghai,Asia,China
38WV22,F?nix,Toverland,Europe,Netherlands
91TX56,Figure Eight ,Euclid Beach Park,North America,United States
89HC34,Fiorano GT Challenge,Ferrari World Abu Dhabi,Asia,UAE
29VH71,Fire in the Hole ,Silver Dollar City,North America,United States
13WF33,Firebird ,Six Flags America,North America,United States
47IT40,FireChaser Express,Dollywood,North America,United States
11CR89,Firehawk ,Kings Island,North America,United States
21JR62,Flashback ,Six Flags Magic Mountain,North America,United States
11DY52,Flashback ,Six Flags New England,North America,United States
91OS97,Flashback ,Six Flags Over Texas,North America,United States
93CU30,Flight Deck ,California's Great America,North America,United States
69TV38,Flight Deck ,Canada's Wonderland,North America,Canada
81PM37,Flight Deck ,Kings Island,North America,United States
44CU98,Flight of Fear,Kings Island,North America,United States
92CB78,Flight of the Hippogriff,Universal Studios Hollywood,North America,United States
51FQ61,Flight of the Hippogriff,Universal Studios Islands of Adventure,North America,United States
79XA43,Flip Flap Railway,Sea Lion Park,North America,United States
22JZ77,Flitzer,Morey's Piers,North America,United States
57RH90,Flug der Dämonen,Heide Park Resort,Europe,Germany
18ED77,Flyer Comet ,Whalom Park,North America,United States
22AB50,Flying Ace Aerial Chase,Kings Island,North America,United States
38VG69,Flying Aces ,Ferrari World Abu Dhabi,Asia,UAE
69ZE73,Flying Coaster ,Elitch Gardens,North America,United States
39HU14,Flying Dutchman Gold Mine,Six Flags America,North America,United States
59TM77,Flying Fish ,Thorpe Park,Europe,United Kingdom
20QX33,Flying Super Saturator,Carowinds,North America,United States
13MR86,Flying Turns ,Euclid Beach Park,North America,United States
85BM17,Flying Turns ,Knoebels Amusement Resort,North America,United States
92NH18,Flying Unicorn,Universal's Islands of Adventure,North America,United States
83AU84,Fønix,Fårup Sommerland,Europe,Denmark
35TZ11,Formula,Energylandia,Europe,Poland
92AW68,Formula Rossa,Ferrari World Abu Dhabi,Asia,UAE
93JQ37,Formule X,Drievliet Family Park,Europe,Netherlands
21OB10,Frankie's Mine Train,Great Escape,North America,United States
88VJ64,Freedom Flyer,Fun Spot America,North America,United States
86SF48,Freestyle ,Cavallino Matto,Europe,Italy
78KA77,Fujiyama ,Fuji-Q Highland,Asia,Japan
35CA87,Full Throttle ,Six Flags Magic Mountain,North America,United States
36TA32,Furius Baco,PortAventura Park,Europe,Spain
87YD10,Fury ,Bobbejaanland,Europe,Belgium
43FZ26,Fury 325,Carowinds,North America,United States
31WV34,G Force ,Drayton Manor Theme Park,Europe,United Kingdom
78AR95,Gadget's Go Coaster,Disneyland,North America,United States
24BN65,Galactica ,Alton Towers,Europe,United Kingdom
79ZC43,Galaxi,Adventuntureland (Iowa),North America,United States
75ZR19,Galaxy Orbiter,Galaxyland,North America,Canada
24QK55,GateKeeper ,Cedar Point,North America,United States
10AC87,Gemini ,Cedar Point,North America,United States
98CL92,Georgia Scorcher,Six Flags Over Georgia,North America,United States
67KH89,Ghost Chasers ,Movie Park Germany,Europe,Germany
77GW23,Ghoster Coaster ,Canada's Wonderland,North America,Canada
50MN53,GhostRider ,Knott's Berry Farm,North America,United States
37JS57,Giant Coaster ,Fuji-Q Highland,Asia,Japan
90CB16,Giant Dipper,Santa Cruz Beach Boardwalk,North America,United States
48YP86,Giant Dipper ,Belmont Park,North America,United States
68WP77,Giant Inverted Boomerang,Six Flags Great America,North America,United States
26DC65,Giant Skyrocket,Suzhou Amusement Land,Asia,China
89LN72,Glissade ,Busch Gardens Williamsburg,North America,United States
26VH68,Gold Rush ,Attractiepark Slagharen,Europe,Netherlands
28RK32,Gold Rusher,Six Flags Magic Mountain,North America,United States
15GE17,Gold Striker,California's Great America,North America,United States
78XT74,Golden Wings in Snowfield,Happy Valley Beijing,Asia,China
91PR73,Goliath ,La Ronde,North America,Canada
32KO91,Goliath ,Six Flags Fiesta Texas,North America,United States
33UJ75,Goliath ,Six Flags Great America,North America,United States
21RC14,Goliath ,Six Flags Magic Mountain,North America,United States
67EM85,Goliath ,Six Flags New England,North America,United States
15JB69,Goliath ,Six Flags Over Georgia,North America,United States
17HY42,Goliath ,Walibi Holland,Europe,Netherlands
20QG32,Goofy's Sky School,Disney California Adventure,North America,United States
58TP55,Gotham City Gauntlet: Escape from Arkham Asylum,Six Flags Magic Mountain,North America,United States
72YB13,Gotham City Gauntlet: Escape from Arkham Asylum,Six Flags New England,North America,United States
73NM90,Goudurix,Parc Astérix,Europe,France
21TD35,Grand Exposition Coaster,Silver Dollar City,North America,United States
27YY34,Grand National ,Blackpool Pleasure Beach,Europe,United Kingdom
49RT45,Greased Lightnin' ,Six Flags Discovery Kingdom,North America,United States
60WN90,Great American Scream Machine ,Six Flags Great Adventure,North America,United States
95UU26,Great American Scream Machine ,Six Flags Over Georgia,North America,United States
97EE74,Great Bear ,Hersheypark,North America,United States
93XB53,Great Chase ,Six Flags America,North America,United States
94HV19,Green Dragon ,Lake Compounce,North America,United States
24GU54,Green Lantern ,Six Flags Great Adventure,North America,United States
49HU59,Green Lantern Coaster,Warner Bros. Movie World,Oceania,Australia
83WK44,Green Lantern: First Flight,Warner Bros. Movie World,Europe,Germany
47UM69,Greezed Lightnin' ,Six Flags AstroWorld,North America,United States
43GZ87,Greezed Lightnin' ,Six Flags Kentucky Kingdom,North America,United States
31FO76,Griffon ,Busch Gardens Williamsburg,North America,United States
71SR35,Grizzly ,Kings Dominion,North America,United States
83QY14,Grover's Alpine Express,Busch Gardens Williamsburg,North America,United States
17VQ57,Guardians of the Galaxy: Cosmic Rewind,Epcot,North America,United States
50DI74,Gulf Coaster,Palace Playland,North America,United States
94ER94,Hades 360,Mt. Olympus Water & Theme Park,North America,United States
65TS57,Hades 360,Terra Mítica,Europe,Spain
71HP25,Hagrid's Magical Creatures Motorbike Adventure,Universal's Islands of Adventure,North America,United States
39NY36,Hair Raiser,Ocean Park Hong Kong,Asia,Hong Kong
66DL95,Hakugei ,Nagashima Spa Land,Asia,Japan
47YX18,Half Pipe ,Elitch Gardens,North America,United States
70CX43,Half Pipe ,Hopi Hari,South America,Brazil
41FF25,Half Pipe ,Lagoon Amusement Park,North America,United States
42RM68,HangTime ,Knott's Berry Farm,North America,United States
63LT44,Harley Quinn Crazy Train,Six Flags Great Adventure,North America,United States
99OI21,Harpy ,Xishuangbanna Theme Park,Asia,China
30BZ72,Harry Potter and the Escape from Gringotts,Universal Studios Florida,North America,United States
50FE67,Helix ,Liseberg,Europe,Sweden
38XO37,Hell Cat,Clementon Amusement Park,North America,United States
20IR14,Hercules ,Dorney Park & Wildwater Kingdom,North America,United States
95LQ72,High Roller ,Stratosphere Tower,North America,United States
24EJ57,High Roller ,Valleyfair,North America,United States
85LP85,High Speed Thrill Coaster,Knoebels Amusement Resort,North America,United States
81AU82,Hollywood Dream - The Ride,Universal Studios Japan,Asia,Japan
98CS95,Hollywood Rip Ride Rockit,Universal Studios Florida,North America,United States
39PO97,Hoosier Hurricane,Indiana Beach,North America,United States
57HT82,Hoot N Holler,Six Flags Darien Lake,North America,United States
88QC32,Hornet ,Wonderland Amusement Park,North America,United States
42EI51,Hundeprutterutchebane,BonBon-Land,Europe,Denmark
85OK77,Huracan ,Belantis,Europe,Germany
31EQ56,Hurler ,Carowinds,North America,United States
50YT37,Hurricane ,Fun Spot America,North America,United States
26OP48,Hurricane: Category 5,Myrtle Beach Pavilion,North America,United States
79WN66,Hydra the Revenge,Dorney Park & Wildwater Kingdom,North America,United States
65UB70,Hydrus ,Casino Pier,North America,United States
24TR70,Hyperion ,Energylandia,Europe,Poland
48CJ63,Hypersonic XLC,Kings Dominion,North America,United States
91LD88,Ice Breaker ,SeaWorld Orlando,North America,United States
47US37,Icon ,Blackpool Pleasure Beach,Europe,United Kingdom
23CI50,Impulse ,Knoebels Amusement Resort,North America,United States
69RF82,Incredicoaster,Disney California Adventure,North America,United States
20LM60,Indiana Jones et le Temple du Peril,Disneyland Park (Paris),Europe,France
18RQ26,Infusion ,Blackpool Pleasure Beach,Europe,United Kingdom
41ZJ32,Insane ,Gröna Lund,Europe,Sweden
53GN60,Insane Speed,Janfusun Fancyworld,Asia,Taiwan
95XA81,Intimidator ,Carowinds,North America,United States
43FO67,Intimidator 305,Kings Dominion,North America,United States
78MR46,InvadR,Busch Gardens Williamsburg,North America,United States
22ME27,Invertigo ,California's Great America,North America,United States
98PD39,Invertigo ,Carowinds,North America,United States
46LN92,Invertigo ,Dorney Park & Wildwater Kingdom,North America,United States
70WE40,Invertigo ,Kings Island,North America,United States
10WE32,Iron Dragon ,Cedar Point,North America,United States
24FG35,Iron Gwazi,Busch Gardens Tampa Bay,North America,United States
52QT20,Iron Rattler,Six Flags Fiesta Texas,North America,United States
94DN90,Iron Shark,Galveston Island Historic Pleasure Pier,North America,United States
94JH57,Iron Wolf ,Six Flags Great America,North America,United States
80KX84,ISpeed,Mirabilandia,Europe,Italy
78NQ97,Italian Job: Stunt Track ,Canada's Wonderland,North America,Canada
60KR94,Italian Job: Stunt Track ,Kings Island,North America,United States
49YA20,Italian Job: Turbo Coaster,Kings Dominion,North America,United States
20ET29,Jack Rabbit ,Celebration City,North America,United States
93TY41,Jack Rabbit ,Clementon Park,North America,United States
58SL39,Jack Rabbit ,Kennywood,North America,United States
14WD54,Jack Rabbit ,Seabreeze Amusement Park,North America,United States
86YL96,Jaguar!,Knott's Berry Farm,North America,United States
11NQ49,Jazz Railway,Rocky Glen Park,North America,United States
71IB87,Jersey Devil Coaster,Six Flags Great Adventure,North America,United States
47XN18,Jet Rescue,Sea World (Australia),Oceania,Australia
13NK80,Jet Star ,Casino Pier,North America,United States
34TJ58,Jet Star ,Luna Park,North America,United States
43LQ63,Jet Star 2 ,Lagoon Amusement Park,North America,United States
93XQ30,Jetline,Gröna Lund,Europe,Sweden
95ZB37,Jetstream ,Riverview Park,North America,United States
82QV38,Jimmy Neutron's Atomic Flyer,Movie Park Germany,Europe,Germany
84IT55,Joris en de Draak,Efteling,Europe,Netherlands
25GP42,Journey to Atlantis,SeaWorld Orlando,North America,United States
71IJ81,Journey to Atlantis,SeaWorld San Antonio,North America,United States
97KK95,Journey to Atlantis,SeaWorld San Diego,North America,United States
44DJ51,Jubilee Odyssey,Fantasy Island (UK amusement park),Europe,United Kingdom
29GX48,Judge Roy Scream,Six Flags Over Texas,North America,United States
82RD20,Jumbo Jet ,Cedar Point,North America,United States
41AE43,Jumbo Jet ,Chelyuskintsev Park,Europe,Belarus
37LG60,Jumbo Jet ,Morey's Piers,North America,United States
81CW78,Jungle Racing,Happy Valley Beijing,Asia,China
17ZW72,Junker ,PowerPark,Europe,Finland
41TE25,Jupiter ,Kijima Kogen,Asia,Japan
67VP96,Kanonen,Liseberg,Europe,Sweden
71RQ34,Karacho,Erlebnispark Tripsdrill,Europe,Germany
31YT48,Katapul,Mirabilandia,Europe,Italy
60HF40,Katun ,Mirabilandia,Europe,Italy
62CE97,Kawasemi,Tobu Zoo,Asia,Japan
82CZ43,Kentucky Flyer,Kentucky Kingdom,North America,United States
99BF96,Kentucky Rumbler,Beech Bend Park,North America,United States
34ZF75,Kiddie Coaster,Lake Compounce,North America,United States
29MP38,Kiddy Hawk,Carowinds,North America,United States
33WV18,Kikkerachtbaan,Duinrell,Europe,Netherlands
87YP68,King Cobra ,Kings Island,North America,United States
43FF16,Kingda Ka,Six Flags Great Adventure,North America,United States
13TJ71,Kingdom Coaster,Dutch Wonderland,North America,United States
11EQ82,Kirnu,Linnanmäki,Europe,Finland
72OE10,Klondike Gold Mine ,Wild Waves Theme & Water Park,North America,United States
61JG62,Knightmare ,Camelot,Europe,United Kingdom
10AU91,Kondaa,Walibi Belgium,Europe,Belgium
76DZ33,Kong ,Six Flags Discovery Kingdom,North America,United States
62IR75,Kozmo's Kurves,"Elysburg, Pennsylvania, United States",North America,United States
30ZK77,Krake,Heide Park,Europe,Germany
47QZ42,Kraken ,SeaWorld Orlando,North America,United States
90BJ56,Kraken: Unleashed,SeaWorld Orlando,North America,United States
50RK29,Krampus Expedition,Nigloland,Europe,France
37XB17,Kumali,Flamingo Land,Europe,United Kingdom
77ET35,Kumba ,Busch Gardens Tampa Bay,North America,United States
50RF53,Kvasten,Gröna Lund,Europe,Sweden
34VY23,La Vibora,Six Flags Over Texas,North America,United States
57TE49,Laff Trakk,Hersheypark,North America,United States
35IW61,Le Monstre,La Ronde,North America,Canada
36UX83,Le Vampire,La Ronde,North America,Canada
40WE71,Leap-The-Dips,Lakemont Park,North America,United States
57MH79,Lech Coaster,Legendia,Europe,Poland
71MJ76,Lego Technic Test Track,Legoland California,North America,United States
47EG14,Lego Technic Test Track,Legoland Deutschland,Europe,Germany
98AZ86,Lego Technic Test Track,Legoland Florida,North America,United States
26CV55,Lego Technic Test Track,Legoland Malaysia,Asia,Malaysia
50AA86,Leviathan ,Canada's Wonderland,North America,Canada
48AM86,Leviathan ,Sea World,North America,United States
19LE70,Lightnin' Loops,Six Flags Great Adventure,North America,United States
91SA42,Lightning ,Kuwait Entertainment City,Asia,Kuwait
19EJ89,Lightning ,Revere Beach,North America,United States
37TL92,Lightning Bolt ,MGM Grand Adventures Theme Park,North America,United States
92AA85,Lightning Racer,Hersheypark,North America,United States
69HT82,Lightning Rod ,Dollywood,North America,United States
63YL79,Lightning Run,Kentucky Kingdom,North America,United States
67LL14,Lil' Devil Coaster,Six Flags Great Adventure,North America,United States
24FE14,Lil' Thunder,Six Flags Great Adventure,North America,United States
85QU64,Limit ,Heide Park,Europe,Germany
46KD50,Linnunrata,Linnanmäki,Europe,Finland
65JZ42,Lisebergbanan,Liseberg,Europe,Sweden
27DD80,Little Dipper ,Camden Park,North America,United States
46BI62,Little Dipper ,Conneaut Lake Park,North America,United States
43UL98,Little Dipper ,Memphis Kiddie Park,North America,United States
46YU77,Little Dipper ,Six Flags Great America,North America,United States
18YC10,Loch Ness Monster ,Busch Gardens Williamsburg,North America,United States
62YF29,Loop the Loop ,Coney Island,North America,United States
75LD16,Loop the Loop ,Olentangy Park,North America,United States
58RT54,Loop the Loop ,Young's Pier,North America,United States
15WU46,Looping Star ,Clacton Pier,Europe,United Kingdom
63NN80,Looping Star ,Nagashima Spa Land,Asia,Japan
78UT75,Lost Coaster of Superstition Mountain,Indiana Beach,North America,United States
32EC35,Lost Gravity ,Walibi Holland,Europe,Netherlands
31BN20,Mad Cobra ,"Suzuka, Mie Prefecture, Japan",Asia,Japan
63CY25,Mad Mouse ,Michigan's Adventure,North America,United States
97MB76,Mad Mouse ,Myrtle Beach Pavilion,North America,United States
26JW62,Mad Mouse ,Valleyfair,North America,United States
99IT50,Magic Flyer ,Six Flags Magic Mountain,North America,United States
99TO37,Magnum XL-200,Cedar Point,North America,United States
39VV99,Mako ,SeaWorld Orlando,North America,United States
26QW97,Mamba ,Worlds of Fun,North America,United States
65AU73,Mammut ,Gardaland,Europe,Italy
75WN27,Manta ,SeaWorld Orlando,North America,United States
67SZ18,Manta ,SeaWorld San Diego,North America,United States
35LK43,Matterhorn Bobsleds,Disneyland,North America,United States
72RH27,Maverick ,Cedar Point,North America,United States
95OU68,Max & Moritz ,Efteling,Europe,Netherlands
99MD52,Maxx Force,Six Flags Great America,North America,United States
39NM76,Medusa ,Six Flags Discovery Kingdom,North America,United States
36YS98,Medusa Steel Coaster,Six Flags Mexico,North America,Mexico
33MG51,Mega Zeph,Six Flags New Orleans,North America,United States
44CZ25,Megafobia,Oakwood Theme Park,Europe,United Kingdom
86IG89,Merlin's Mayhem,Dutch Wonderland,North America,United States
89PE26,Mick Doohan's Motocoaster,Dreamworld,Oceania,Australia
93UA99,Mighty Canadian Minebuster,Canada's Wonderland,North America,Canada
82MP38,Mild Thing,Valleyfair,North America,United States
25BZ75,Millennium Force,Cedar Point,North America,United States
24AU16,Millennium Roller Coaster,Fantasy Island,Europe,United Kingdom
45OV94,Mindbender ,Galaxyland,North America,Canada
32ZH99,Mine Blower,Fun Spot America (Kissimmee),North America,United States
51SD15,Mini Mine Train ,Six Flags Over Texas,North America,United States
20VZ49,Mini-Comet,Hersheypark,North America,United States
64FZ81,Momonga Standing and Loop Coaster,Yomiuriland,Asia,Japan
86VJ46,Monster ,Gröna Lund,Europe,Sweden
12XE41,Montaña Suiza,Monte Igueldo Amusement Park,Europe,Spain
71OU34,Montaña Rusa,Parque de Café,South America,Columbia
29WP61,Montaña Rusa ,La Feria Chapultepec Magico,North America,Mexico
15YJ64,Monte Makaya,Terra Encantada,South America,Brazil
85PG27,Montezooma's Revenge,Knott's Berry Farm,North America,United States
45IP27,Montezum,Hopi Hari,South America,Brazil
57CH17,Montu ,Busch Gardens Tampa Bay,North America,United States
88VS27,Moonsault Scramble,Fuji-Q Highland,Asia,Japan
57EM52,Moto Coaster ,Six Flags Darien Lake,North America,United States
26HW87,MP Xpress,Movie Park Germany,Europe,Germany
27BB75,Mr. Freeze ,Six Flags Over Texas,North America,United States
93NU83,Mulholland Madness,Disney California Adventure,North America,United States
38GW35,Mumbo Jumbo ,Flamingo Land Resort,Europe,United Kingdom
70DD10,Muntanya Russa ,Tibidabo Amusement Park,Europe,Spain
42TI24,Muskrat Scrambler,Six Flags New Orleans,North America,United States
82FR88,Mystery Mine,Dollywood,North America,United States
19NV38,Mystic ,Walibi Rhône-Alpes,Europe,France
54AR44,Mystic Timbers,Kings Island,North America,United States
48QK80,Nemesis ,Alton Towers,Europe,United Kingdom
72OV65,Nemesis Inferno,Thorpe Park,Europe,United Kingdom
27EM99,New Mexico Rattler,Cliff's Amusement Park,North America,United States
12MG80,New Texas Giant,Six Flags Over Texas,North America,United States
41GN20,Nickelodeon Slime Streak,Nickelodeon Universe,North America,United States
55VX30,Nickelodeon Streak,Blackpool Pleasure Beach,Europe,United Kingdom
58NI28,Nighthawk ,Carowinds,North America,United States
98BW40,Nightmare at Crack Axle Canyon,Six Flags Great America,North America,United States
69IT39,Ninja ,Six Flags Magic Mountain,North America,United States
56XP39,Ninja ,Six Flags St. Louis,North America,United States
15NG20,Nitro ,Imagicaa,Asia,India
15EG84,Nitro ,Six Flags Great Adventure,North America,United States
44PD15,Objectif Mars,Futuroscope,Europe,France
65NF83,Oblivion ,Alton Towers,Europe,United Kingdom
77PF68,Oblivion: The Black Hole,Gardaland,Europe,Italy
34ZT50,Octonauts Rollercoaster Adventure,Alton Towers,Europe,United Kingdom
54AU74,Olympia Looping,Oktoberfest,Europe,Germany
43TP13,Orient Express ,Worlds of Fun,North America,United States
21NQ91,Orion ,Kings Island,North America,United States
98RX80,Orkanen,Fårup Sommarland,Europe,Denmark
64HD64,Outlaw ,Adventureland (Iowa),North America,United States
29AO57,Outlaw Run,Silver Dollar City,North America,United States
39TX36,Ozark Wildcat,Celebration City,North America,United States
50BF51,OzIris,Parc Astérix,Europe,France
17EE98,Pandemonium ,Six Flags Fiesta Texas,North America,United States
10JG54,Pandemonium ,Six Flags New England,North America,United States
90IM47,Pandemonium ,Six Flags Over Georgia,North America,United States
50HZ93,Panic Coaster – Back Daaan,Tokyo Dome City Attractions,Asia,Japan
48QQ74,Pantheon ,Busch Gardens Williamsburg,North America,United States
89KG83,Parrot Coaster,Chime-Long Ocean Kingdom,Asia,China
31BN54,Patriot ,California's Great America,North America,United States
59VI16,Patriot ,Worlds of Fun,North America,United States
66OV65,Pégase Express,Parc Astérix,Europe,France
42BS21,Pegasus ,Efteling,Europe,Netherlands
35QF14,Pegasus ,Mt. Olympus Water & Theme Park,North America,United States
12LD84,Pepsi Orange Streak,Nickelodeon Universe,North America,United States
82HJ20,Phaethon ,Gyeongju World,Asia,South Korea
90BX68,Phantom's Revenge,Kennywood,North America,United States
51JN80,Phoenix ,Knoebels Amusement Resort,North America,United States
31UW18,Pikajuna,Linnanmäki,Europe,Finland
26JT44,Pipeline Express,Boardwalk Fun Park,North America,United States
77UC58,Pippin ,Kennywood,North America,United States
86UQ20,Pitts Special ,PowerPark,Europe,Finland
30CY60,Polar X-plorer,Legoland Billund,Europe,Denmark
88NR96,Poltergeist ,Six Flags Fiesta Texas,North America,United States
23NM47,Pony Express ,Knott's Berry Farm,North America,United States
53UM98,Possessed ,Dorney Park & Wildwater Kingdom,North America,United States
49VC49,Possessed ,Michigan's Adventure,North America,United States
10UH87,Powder Keg: A Blast into the Wilderness,Silver Dollar City,North America,United States
87TU62,Predator ,Six Flags Darien Lake,North America,United States
89PA40,Primeval Whirl,Disney's Animal Kingdom,North America,United States
73IX40,Prowler ,Worlds of Fun,North America,United States
52RE22,Psyclone ,Six Flags Magic Mountain,North America,United States
95JZ50,Pteranodon Flyers,Universal Studios Florida,North America,United States
68ME34,Pulsar ,Walibi Belgium,Europe,Belgium
65CL96,Puss in Boots' Giant Journey,Universal Studios Singapore,Asia,Singapore
84YH57,Pyrenees ,Parque Espana-Shima Spain Village,Europe,Spain
86UQ98,Python ,Busch Gardens Tampa Bay,North America,United States
81DS55,Python ,Coney Island,North America,United States
63WO42,Python ,Efteling,Europe,Netherlands
89AL83,Racer ,Kennywood,North America,United States
16LK44,Racer ,Kennywood,North America,United States
28PI35,Racer 75,Kings Dominion,North America,United States
71YH82,Racing Coaster,Euclid Beach Park,North America,United States
29UX77,Rage ,Adventure Island,North America,United States
83CJ37,Ragin' Cajun ,Six Flags America,North America,United States
35FF11,Ragin' Cajun ,Six Flags Great America,North America,United States
77HR98,Raging Bull ,Six Flags Great America,North America,United States
66QT27,Raging Spirits,Tokyo DisneySea,Asia,Japan
54SL96,Raging Wolf Bobs,Geauga Lake,North America,United States
14BA54,Raik,Phantasialand,Europe,Germany
93SV58,RailBlazer,California's Great America,North America,United States
66BX64,Rampage ,Alabama Splash Adventure,North America,United States
78OR19,Raptor ,Cedar Point,North America,United States
70JW70,Raptor ,Gardaland,Europe,Italy
35UI73,Raptor Attack,Lightwater Valley,Europe,United Kingdom
96MN92,Rattlesnake ,Chessington World of Adventures,Europe,United Kingdom
76IU55,Ravine Flyer II,Waldameer Park,North America,United States
10VR49,Ravine Flyer III,Waldameer Park,North America,United States
99EC23,RC Racer,Disneyland Park (Paris),Europe,France
17RC38,RC Racer,Hong Kong Disneyland,Asia,China
64YO85,RC Racer,Walt Disney Studios Park,Europe,France
67AW45,RC-48,Morey's Piers,North America,United States
30RU52,Recoil ,Wonderla Hyderabad,Asia,India
16AL54,Red Force ,Ferrari Land,Europe,Spain
99OQ70,Renegade ,Valleyfair,North America,United States
10SK62,Revenge of the Mummy,Universal Studios Florida,North America,United States
97SN93,Revenge of the Mummy,Universal Studios Hollywood,North America,United States
16FD52,Revolution ,Blackpool Pleasure Beach,Europe,United Kingdom
34NC67,Rewind Racers,Adventure City,North America,United States
61YH60,Ricochet ,Carowinds,North America,United States
15LP99,Ring Racer,Nuerburgring,Europe,Germany
70KG25,Rita ,Alton Towers,Europe,United Kingdom
30YW64,River King Mine Train,Six Flags St. Louis,North America,United States
26WK15,Road Runner Express ,Six Flags Discovery Kingdom,North America,United States
85CY68,Road Runner Express ,Six Flags Fiesta Texas,North America,United States
54OV42,Road Runner Express ,Six Flags Kentucky Kingdom,North America,United States
26QA87,Road Runner Express ,Six Flags Magic Mountain,North America,United States
18BD56,Road Runner Express ,Six Flags New Orleans,North America,United States
91WL77,Road Runner Rollercoaster,Warner Bros. Movie World,Oceania,Australia
60OY60,Roar ,Six Flags America,North America,United States
20HB71,Roar ,Six Flags Discovery Kingdom,North America,United States
59UE55,Roar-o-Saurus,Story Land,North America,United States
78IT80,Rock n' Roller Coaster ,Opryland USA,North America,United States
37EA73,Rock 'n' Roller Coaster Starring Aerosmith,Disneyland Park (Paris),Europe,France
42LM55,Rock 'n' Roller Coaster Starring Aerosmith,Disney's Hollywood Studios,North America,United States
21WT88,Rockin' Roller,Six Flags St. Louis,North America,United States
25VA96,Roller Coaster,Dai Nam Van Hien,Asia,Vietnam
25UA65,Roller Coaster ,Dam Sen Cultural Park,Asia,Vietnam
78GI48,Roller Coaster ,Great Yarmouth Pleasure Beach,Europe,United Kingdom
91SR58,Roller Coaster ,Lagoon Amusement Park,North America,United States
62YC65,Roller Coaster ,Papea Parc,Europe,France
95EO71,Roller Coaster ,Suoi Tien Amusement Park,Asia,Vietnam
96KK49,Roller Skater ,Kentucky Kingdom,North America,United States
66DZ35,Roller Soaker,Hersheypark,North America,United States
41JI46,Rollie's Coaster,Morey's Piers,North America,United States
43XI20,Rolling Thunder ,Six Flags Great America,North America,United States
58YW80,Rollo Coaster,Idlewild and Soak Zone,North America,United States
87VZ56,Rougarou ,Cedar Point,North America,United States
29BX59,Rougarou ,Cedar Point,North America,United States
81QL79,Round About ,"Hard Rock Park, Mytle Beach",North America,United States
79VC93,Rugrats Runaway Reptar ,Dreamworld,Oceania,Australia
92WA53,Runaway Mine Train ,Alton Towers,Europe,United Kingdom
79VP53,Runaway Mine Train ,"Jackson, New Jersey, United States",North America,United States
61CN55,Runaway Mine Train ,Six Flags Over Texas,North America,United States
70VR27,Runaway Mountain,"Arlington, Texas, U.S.",North America,United States
49NU16,Runaway Train ,Chessington World of Adventures,Europe,United Kingdom
15FS54,Runaway Tram,Morey's Piers,North America,United States
75XM52,Salama ,Linnanmäki,Europe,Finland
28WA74,Sand Serpent,Busch Gardens Tampa Bay,North America,United States
47OW93,Sandy's Blasting Bronco,Nickelodeon Universe,North America,United States
74MR56,Santa Monica West Coaster,Pacific Park,North America,United States
71NC66,Saw – The Ride,Thorpe Park,Europe,United Kingdom
94CT29,Scenic Railway ,Dreamland Margate,Europe,United Kingdom
56HZ73,Scenic Railway ,Euclid Beach Park,North America,United States
83HV45,Schussboomer,Worlds of Fun,North America,United States
54DI88,Schweizer Bobbahn,Heide Park,Europe,Germany
27NP51,Scooby-Doo ,Carowinds,North America,United States
21ZM92,Scooby-Doo ,Kings Dominion,North America,United States
94RC96,Scooby-Doo ,Kings Island,North America,United States
33TU78,Scooby-Doo Spooky Coaster,Warner Bros. Movie World,Oceania,Australia
17PN70,Scooby's Ghoster Coaster,Kings Island,North America,United States
57RI51,Scorpion ,Busch Gardens Tampa Bay,North America,United States
47VO90,Scorpion Express,Chessington World of Adventures,Europe,United Kingdom
99ZA83,Scream ,Six Flags Magic Mountain,North America,United States
28UM32,Screamin' Demon,Carowinds,North America,United States
93LM69,Screamin' Eagle,Six Flags St. Louis,North America,United States
23CU51,Sea Dragon ,Rides At Adventure Cove,North America,United States
32RP77,Sea Serpent ,Morey's Piers,North America,United States
91GT31,Sea Viper ,Sea World,North America,United States
45EX54,Sequoia Adventure,Gardaland,Europe,Italy
14BS28,Serpent ,Six Flags AstroWorld,North America,United States
39KK56,Sesquicentennial Cyclone,Sesquicentennial Exposition,North America,United States
40MO37,Seven Dwarfs Mine Train,Magic Kingdom,North America,United States
35KE56,Seven Dwarfs Mine Train,Shanghai Disneyland,Asia,China
87WL35,Shaman ,Gardaland,Europe,Italy
59QA22,Shambhala ,PortAventura Park,Europe,Spain
77UK69,SheiKra,Busch Gardens Tampa Bay,North America,United States
79CC74,Shivering Timbers,Michigan's Adventure,North America,United States
52BU56,Shock Wave ,Brean Leisure Park,Europe,United Kingdom
95PJ26,Shock Wave ,Six Flags Over Texas,North America,United States
90OE59,Shockwave ,Drayton Manor Theme Park,Europe,United Kingdom
28FP16,Shockwave ,Kings Dominion,North America,United States
62XD13,Shockwave ,Six Flags Great America,North America,United States
42VG62,Shuttle Loop,Nagashima Spa Land,Asia,Japan
96BT73,Shuttle Loop ,Nagashima Spa Land,Asia,Japan
19NZ78,Sidewinder ,Elitch Gardens,North America,United States
78MT73,Sidewinder ,Hersheypark,North America,United States
52ZO24,Sierra Sidewinder,Knott's Berry Farm,North America,United States
72HQ95,Sierra Tonante,Mirabilandia,Europe,Italy
52EN10,Silver Bullet ,Frontier City,North America,United States
13IA38,Silver Bullet ,Knott's Berry Farm,North America,United States
95OR88,Silver Comet ,Fantasy Island,Europe,United Kingdom
72KG56,Silver Star ,Europa-Park,Europe,Germany
62RS35,Silver Streak ,Canada's Wonderland,North America,Canada
42HR12,Skull Mountain,Six Flags Great Adventure,North America,United States
85BN71,Sky Rocket,Kennywood Park,North America,United States
16HH28,Sky Scrapper,World Joyland,Asia,China
25HD21,Sky Screamer ,Six Flags AstroWorld,North America,United States
28ZZ47,Skyliner ,Lakemont Park,North America,United States
19PC16,Skyrush,Hersheypark,North America,United States
89PE12,Skytrak,Granada Studios Tour,Europe,United Kingdom
98AF87,Slinky Dog Dash,Disney's Hollywood Studios,North America,United States
76WC60,Smoky Mountain Alpine Coaster,Smoky Mountain Apline Coaster,North America,United States
50JM49,Soak'd,"Hard Rock Park, Mytle Beach",North America,United States
63ST37,Soarin' Eagle,Luna Park,North America,United States
30SH62,Son of Beast,Kings Island,North America,United States
62EZ74,SooperDooperLooper,Hersheypark,North America,United States
60KH32,Space Fantasy - The Ride,Universal Studios Japan,Asia,Japan
54IT72,Space Mountain ,Disneyland,North America,United States
83LB42,Space Mountain ,Magic Kingdom,North America,United States
24OW86,Space Mountain ,Tokyo Disneyland,Asia,Japan
41IQ83,Space Mountain: De la Terre à la Lune,Disneyland Park (Paris),Europe,France
30OT49,Space Mountain: Mission 2,Disneyland Park (Paris),Europe,France
25DN51,Space Shuttle ,Enchanted Kingdom,Asia,Philippines
94LM72,Speed - The Ride,Sahara Hotel & Casino,North America,United States
25FV89,Speed Monster,TusenFryd,Europe,Norway
77KE14,Speed of Sound ,Walibi Holland,Europe,Netherlands
68MO91,Speed: No Limits,Oakwood Theme Park,Europe,United Kingdom
91QQ15,Spider ,Lagoon,North America,United States
72CZ54,Spinball Whizzer,Alton Towers,Europe,United Kingdom
39BW16,Spinning Dragons,Worlds of Fun,North America,United States
66FY51,SpongeBob SquarePants Rock Bottom Plunge,Nickelodeon Universe,North America,United States
98HU73,Sprocket Rockets,Six Flags Great America,North America,United States
78VY20,Stampida,PortAventura Park,Europe,Spain
88NT12,Star Flyer ,"Barangay 1, Pasay, Philippines",Asia,Phiippines
81SF44,Star Jet,Casino Pier,North America,United States
59MR96,Star Trek: Operation Enterprise,Movie Park Germany,Europe,Germany
49DZ36,Star Wars Hyperspace Mountain,Disneyland Park (Paris),Europe,France
56RF87,Stealth ,Thorpe Park,Europe,United Kingdom
95JV90,Steamin' Demon,Great Escape,North America,United States
24LL94,Steel Curtain ,Kennywood,North America,United States
46AP54,Steel Dragon ,Waldameer Park,North America,United States
57GQ26,Steel Dragon 2000,Nagashima Spa Land,Asia,Japan
77LM15,Steel Eel,SeaWorld San Antonio,North America,United States
31CU23,Steel First,Fantasilandia,South America,Chile
75QD85,Steel Force,Dorney Park & Wildwater Kingdom,North America,United States
68CZ61,Steel Hawg,Indiana Beach,North America,United States
18XU63,Steel Lasso,Frontier City,North America,United States
49LX31,Steel Phantom,Kennywood,North America,United States
80BQ63,Steel Taipan,Dreamworld,Oceania,Australia
46ZT46,Steel Vengeance,Cedar Point,North America,United States
55TS83,Steel Venom ,Valleyfair,North America,United States
61TI50,Steeplechase ,Blackpool Pleasure Beach,Europe,United Kingdom
87KP58,Stinger ,Dorney Park & Wildwater Kingdom,North America,United States
15IU34,Storm Chaser ,Kentucky Kingdom,North America,United States
75WP53,Storm Chaser ,Paultons Park,Europe,United Kingdom
60AI81,Storm Coaster,Sea World (Australia),Oceania,Australia
91QB46,Storm Runner,Hersheypark,North America,United States
59SR63,Streamliner Coaster,Six Flags Fiesta Texas,North America,United States
61BK68,Stunt Pilot ,Silverwood Theme Park,North America,United States
74AZ32,Super Grover's Box Car Derby,Sesame Place,North America,United States
97DL16,Super Manège,La Ronde,North America,Canada
16HF32,Superman - Ride of Steel,Six Flags America,North America,United States
58PC46,Superman - Ride of Steel,Six Flags New England,North America,United States
44ND62,Superman El Último Escape,Six Flags Mexico,North America,Mexico
17PO82,Superman Escape,Warner Bros. Movie World,Oceania,Australia
66FN26,Superman The Ride,Six Flags New England,North America,United States
14TV89,Superman: Escape from Krypton,Six Flags Magic Mountain,North America,United States
82WX48,Superman: Krypton Coaster,Six Flags Fiesta Texas,North America,United States
33LQ36,Superman: Krypton Coaster ,Six Flags Mexico,North America,Mexico
17XN79,Superman: La Atracción de Acero,Parque Warner Madrid,Europe,Spain
56NM65,Superman: Ultimate Flight,Six Flags Great America,North America,United States
68QJ44,Superman: Ultimate Flight,Six Flags Over Georgia,North America,United States
66RQ62,Superman: Ultimate Flight ,Six Flags Discovery Kingdom,North America,United States
67DX67,Surfrider,Wet'n'Wild Gold Coast,Oceania,Australia
31EI97,Svalbard Ekspressen,Kongeparken,Europe,Norway
59EK15,Swamp Fox ,Family Kingdom Amusement Park,North America,United States
79SU69,Swamp Thing ,Wild Adventures,North America,United States
75BO62,Swiss Bob,Efteling,Europe,Netherlands
10KG20,Switchback Railway,Coney Island,North America,United States
93VV20,Switchback Railway ,Euclid Beach Park,North America,United States
46QM30,T Express,Everland,Asia,South Korea
14MC26,T2 ,Kentucky Kingdom,North America,United States
55HQ12,T3 ,Kentucky Kingdom,North America,United States
81HP40,Taiga ,Linnanmäki,Europe,Finland
79GL87,Takabisha,Fuji-Q Highland,Asia,Japan
33WM29,Talon ,Dorney Park & Wildwater Kingdom,North America,United States
57CY60,Tantrum ,Six Flags Darien Lake,North America,United States
76ZK68,Taron ,Phantasialand,Europe,Germany
72DK60,Tatsu,Six Flags Magic Mountain,North America,United States
46EV74,Tempesto,Busch Gardens Williamsburg,North America,United States
61EL80,Tennessee Tornado,Dollywood,North America,United States
14GC19,Test Track,Epcot,North America,United States
27NX56,Teststrecke,Heide Park,Europe,Germany
14VZ76,Texas Cyclone,Six Flags AstroWorld,North America,United States
50IP23,Texas Giant,Six Flags Over Texas,North America,United States
48XV14,Texas Stingray,SeaWorld San Antonio,North America,United States
20LH72,Texas Tornado ,Wonderland Park (Texas),North America,United States
49SZ99,The Barnstormer,Magic Kingdom,North America,United States
96NX32,The Bat ,Canada's Wonderland,North America,Canada
59XO77,The Bat ,Kings Island,North America,United States
57IX27,The Beast ,Kings Island,North America,United States
83GJ54,The Beastie ,Kings Island,North America,United States
12EK46,The Beastie ,Wonderland Sydney,Europe,United Kingdom
68ID36,The Big One ,Blackpool Pleasure Beach,Europe,United Kingdom
52JA97,The Bobs ,Riverview Park,North America,United States
51BO29,The Boss ,Six Flags St. Louis,North America,United States
78OG11,The Bush Beast,Wonderland Sydney,Oceania,Australia
83NH85,The Comet ,Great Escape,North America,United States
35HQ32,The Cú Chulainn Coaster,Tayto Park,Europe,Ireland
40FG93,The Dark Knight Coaster,Six Flags Great Adventure,North America,United States
94WK25,The Dark Knight Coaster,Six Flags Great America,North America,United States
32BD24,The Flash: Vertical Velocity,Six Flags Discovery Kingdom,North America,United States
41EU20,The Flying Cobras,Carowinds,North America,United States
10LW73,The Flying Dinosaur,Universal Studios Japan,Asia,Japan
23FS32,The Gauntlet ,Magic Springs and Crystal Falls,North America,United States
93MF36,The Gold Coaster,La Ronde,North America,Canada
50PJ23,The Gold Coaster,La Ronde,North America,Canada
46SU22,The Great Nor'easter,Morey's Piers,North America,United States
32HB15,The Great Pumpkin Coaster,Kings Island,North America,United States
36RH36,The Great Scenic Railway,Luna Park Melbourne,Oceania,Australia
91HE43,The Great White ,Morey's Piers,North America,United States
71GF84,The Great White ,SeaWorld San Antonio,North America,United States
72LN43,The Grizzly,California's Great America,North America,United States
27LZ27,The Howler,Holiday World & Splashin' Safari,North America,United States
64BR58,The Incredible Hulk Coaster,Universal's Islands of Adventure,North America,United States
68JD40,The Jester ,Six Flags New England,North America,United States
29MQ87,The Joker ,Six Flags Discovery Kingdom,North America,United States
17JS65,The Joker ,Six Flags Great Adventure,North America,United States
98PX59,The Joker ,Six Flags Great America,North America,United States
92LT98,The Joker ,Six Flags Mexico,North America,Mexico
65AY91,The Joker ,Six Flags New England,North America,United States
11II35,The Joker ,Six Flags Over Texas,North America,United States
18IR34,The Joker Funhouse Coaster,Six Flags Over Georgia,North America,United States
95SN96,The Joker's Jinx,Six Flags America,North America,United States
37CA72,The Joker's Revenge,Six Flags Fiesta Texas,North America,United States
18BS39,The Legend ,Holiday World & Splashin' Safari,North America,United States
41UH72,The Mind Eraser ,Geauga Lake,North America,United States
79FD45,The Monster ,Adventureland (Iowa),North America,United States
48RV67,The Monster ,Walygator Parc,Europe,France
38ZV30,The New Revolution ,Six Flags Magic Mountain,North America,United States
10MS51,The Oath of Kärnan,Hansa-Park,Europe,Germany
11UL36,The Racer ,Kings Island,North America,United States
47OD90,The Rattler ,Six Flags Fiesta Texas,North America,United States
49EO82,The Raven ,Holiday World & Splashin' Safari,North America,United States
28UU33,The Riddler Mindbender,Six Flags Over Georgia,North America,United States
96BF16,The Riddler's Revenge,Six Flags Magic Mountain,North America,United States
26PX77,The Ride to Happiness,Plopsaland De Panne,Europe,Belgium
19BA17,The Smiler,Alton Towers,Europe,United Kingdom
39BA95,The Swarm ,Thorpe Park,Europe,United Kingdom
42KM12,The Thriller ,Euclid Beach Park,North America,United States
45FK35,The Ultimate ,Lightwater Valley,Europe,United Kingdom
58ZE82,The Underground ,Adventureland (Iowa),North America,United States
81AM94,The Voyage ,Holiday World & Splashin' Safari,North America,United States
67AI58,The Walking Dead: The Ride,Thorpe Park Resort,Europe,United Kingdom
78YS42,The Wild One ,Six Flags America,North America,United States
86EX44,Thirteen ,Alton Towers,Europe,United Kingdom
91MB49,Thrillseeker ,Sea World,North America,United States
12VI60,Thunder Dolphin,Tokyo Dome City Attractions,Asia,Japan
57DH94,Thunder Looper,Alton Towers,Europe,United Kingdom
57TG74,Thunder Road ,Carowinds,North America,United States
46PV14,Thunder Run ,Kentucky Kingdom,North America,United States
37XN94,Thunder Run ,Kentucky Kingdom,North America,United States
85ZS98,Thunderation,Silver Dollar City,North America,United States
51YX76,Thunderbird ,Holiday World & Splashin' Safari,North America,United States
65VJ14,Thunderbird ,PowerPark,Europe,Finland
22NV50,Thunderbolt ,Celebration City,North America,United States
92AU26,Thunderbolt ,Coney Island,North America,United States
28TN32,Thunderbolt ,Dreamworld,Oceania,Australia
11VL47,Thunderbolt ,Kennywood,North America,United States
93UU42,Thunderbolt ,Luna Park,North America,United States
56QC12,Thunderbolt ,Savin Rock,North America,United States
97US18,Thunderbolt ,Six Flags New England,North America,United States
32KY99,Thunderbolt Express,Luna Park,Oceania,Australia
42XJ77,Thundercoaster ,TusenFryd,Europe,Norway
87EK71,Thunderhawk ,Dorney Park & Wildwater Kingdom,North America,United States
16SP54,Thunderhawk ,Michigan's Adventure,North America,United States
41QV17,Thunderhead ,Dollywood,North America,United States
55RY18,Tiger Express ,Adventureland (Iowa),North America,United States
38YE85,Tigre de Sibérie,Le Pal,Europe,France
50ZU67,Tigris ,Busch Gardens Tampa,North America,United States
38QK55,Tig'rr Coaster,Indiana Beach,North America,United States
44ID74,Tiki-Waka ,Walibi Belgium,Europe,Belgium
86IG25,Timber Drop,Fraispertuis City,Europe,France
92QJ47,Timber Terror,Silverwood Theme Park,North America,United States
16SC82,Timber Wolf ,Worlds of Fun,North America,United States
15ZG97,Timberline Twister,Knott's Berry Farm,North America,United States
33ZP30,Time Traveler ,Silver Dollar City,North America,United States
31VY59,Time Warp ,Canada's Wonderland,North America,Canada
51FQ21,Titan ,Six Flags Over Texas,North America,United States
62UM72,Titan ,Space World,Asia,Japan
20NY98,TMNT Shellraiser,Nickelodeon Universe,North America,United States
24DX31,Toboggan ,Conneaut Lake Park,North America,United States
92UG19,Toboggan ,Hersheypark,North America,United States
63DK98,Toboggan ,Lakemont Park,North America,United States
33DG99,Tom & Jerry ,Parque Warner Madrid,Europe,Spain
56PV87,Tonnerre de Zeus,Parc Astérix,Europe,France
41UK74,Top Gun ,Kings Island,North America,United States
16MU95,Top Thrill Dragster,Cedar Point,North America,United States
73RS26,Tornado ,Adventureland (Iowa),North America,United States
80JO55,Tornado ,Coney Island,North America,United States
92IV57,Tornado ,Parque de Atracciones de Madrid,Europe,Spain
76TO77,Tornado ,Wedgewood Village Amusement Park,North America,United States
26UG54,Tower of Terror II,Dreamworld,Oceania,Australia
11KZ72,Trailblazer ,Hersheypark,North America,United States
38RV11,Tranan,Skara Sommarland,Europe,Sweden
60GW22,Tremors ,Silverwood Theme Park,North America,United States
30XK15,Triops ,Mirabilandia,Europe,Italy
10XW99,Tron Lightcycle Power Run,Magic Kingdom,North America,United States
31GU60,Tron Lightcycle Power Run,Shanghai Disneyland,Asia,China
79HH26,Troy ,Toverland,Europe,Netherlands
81AW75,Tsunami ,Clementon Park & Splash World,North America,United States
15MQ25,Tulireki,Linnanmäki,Europe,Finland
16EA59,Tumbili,Kings Dominion,North America,United States
77ST32,Turbo Mountain,Adventure World,Oceania,Australia
37HK15,Turbulence ,Adventureland (New York),North America,United States
30CN96,Twist Coaster Robin,Yomiuriland,Asia,Japan
96VX51,Twist n' Shout,Loudoun Castle,Europe,United Kingdom
87GV82,Twisted Colossus,Six Flags Magic Mountain,North America,United States
30KX55,Twisted Cyclone,Six Flags Over Georgia,North America,United States
70YK70,Twisted Timbers,Kings Dominion,North America,United States
42JB24,Twisted Typhoon,Wild Adventures,North America,United States
61QR35,Twister ,Knoebels Amusement Resort,North America,United States
63GV14,Twister II,Elitch Gardens,North America,United States
62XS62,Two Face: The Flip Side,Six Flags America,North America,United States
99BC17,Typhoon ,Bobbejaanland,Europe,Belgium
71LM60,Ultra Twister ,Nagashima Spa Land,Asia,Japan
81UB64,Ultra Twister ,Nagashima Spa Land,Asia,Japan
28CP76,Ultra Twister ,Six Flags,North America,United States
46IG73,Ultra Twister ,Six Flags Great Adventure,North America,United States
15LR49,Untamed ,Canobie Lake Park,North America,United States
42FS29,Untamed ,Grona Lund,Europe,Sweden
27GN27,Untamed ,Walibi Holland,Europe,Netherlands
56HS53,Valkyria ,Liseberg,Europe,Sweden
56EZ93,Valravn ,Cedar Point,North America,United States
26NE46,Vampire ,Chessington World of Adventures,Europe,United Kingdom
53HD82,Van Helsing's Factory,Movie Park Germany,Europe,Germany
86GP80,Vapor Trail ,Sesame Place,North America,United States
41CB40,Vekoma Illusion,Bobbejaanland,Europe,Belgium
14IZ48,VelociCoaster,Universal's Islands of Adventure,North America,United States
93QG74,Verbolten,Busch Gardens Williamsburg,North America,United States
32AV26,Vertical Velocity ,Six Flags Great America,North America,United States
27WT63,Viking Voyage,Tatyo Park,Europe,United Kingdom
78IK51,Vilda Musen,Gröna Lund,Europe,Sweden
10LA77,Vild-Svinet,BonBon-Land,Europe,Denmark
48AM66,Villain ,Geauga Lake,North America,United States
39WA39,Viper ,Six Flags AstroWorld,North America,United States
86FZ49,Viper ,Six Flags Darien Lake,North America,United States
31VF32,Viper ,Six Flags Great Adventure,North America,United States
10ZP49,Viper ,Six Flags Great America,North America,United States
50GR43,Viper ,Six Flags Magic Mountain,North America,United States
66FN31,Viper ,Six Flags Over Georgia,North America,United States
83SG33,Vipère,La Ronde,North America,Canada
27PW30,Vogel Rok,Efteling,Europe,Netherlands
26MM44,Volcano: The Blast Coaster,Kings Dominion,North America,United States
54WO94,Vonkaputous,Linnanmäki,Europe,Finland
85DA85,Vortex ,Calaway Park,North America,Canada
68ZK73,Vortex ,California's Great America,North America,United States
63EK67,Vortex ,Canada's Wonderland,North America,Canada
31SE78,Vortex ,Carowinds,North America,United States
47VO13,Vortex ,Kings Island,North America,United States
35ES83,Vuoristorata,Linnanmäki,Europe,Finland
76QI79,Wabash Cannonball ,Opryland USA,North America,United States
93TT11,Wakala ,Bellewaerde,Europe,Belgium
12CJ37,Wave Breaker: The Rescue Coaster,SeaWorld San Antonio,North America,United States
52LY21,West Coast Racers,Six Flags Magic Mountain,North America,United States
16EF71,Whirl Pool Dips,Tolchester Beach Park,North America,United States
42UW98,WhirlWind ,Seabreeze Amusement Park,North America,United States
29KW83,White Canyon ,Yomiuriland,Asia,Japan
87NV41,White Lightning ,Fun Spot America,North America,United States
13PQ60,Whizzer ,Six Flags Great America,North America,United States
98RA19,Wicked ,Lagoon Amusement Park,North America,United States
31OH78,Wicked Cyclone,Six Flags New England,North America,United States
13ZK99,Wicked Twister,Cedar Point,North America,United States
99XE60,Wicker Man ,Alton Towers,Europe,United Kingdom
10TJ45,Wild Cat ,Hersheypark,North America,United States
11QK85,Wild Eagle,Dollywood,North America,United States
92CL89,Wild Kitty,Cedar Point,North America,United States
91BQ41,Wild Mouse ,Beech Bend Park,North America,United States
72QK15,Wild Mouse ,Blackpool Pleasure Beach,Europe,United Kingdom
87YW13,Wild Mouse ,Hersheypark,North America,United States
76IS50,Wild Mouse ,Idlewild and Soak Zone,North America,United States
92EK21,Wild Mouse ,Lagoon Amusement Park,North America,United States
33VW17,Wild Rider,Six Flags Great Adventure,North America,United States
51BM84,Wild Thing ,Valleyfair,North America,United States
13EA46,Wild West Express Coaster,Silver Dollar City,North America,United States
93MP67,WildCat ,Cedar Point,North America,United States
14EB14,Wildcat ,Frontier City,North America,United States
84AS68,Wildcat ,Hersheypark,North America,United States
23IG40,Wildcat ,Jolly Roger Amusement Park,North America,United States
76RX84,Wildcat ,Lake Compounce,North America,United States
51CW63,Wilde Beast,Canada's Wonderland,North America,Canada
53WB90,Wilde maus,Playland,North America,Canada
52TH21,Wilderness Run,Cedar Point,North America,United States
46AZ31,Wilderness Run ,Carowinds,North America,United States
41RT21,Wildfire,Kolmarden Wildlife Park,Europe,Sweden
23VT59,Wildfire ,Silver Dollar City,North America,United States
57KK65,Wile E. Coyote's Grand Canyon Blaster,"Arlington, Texas, U.S.",North America,United States
50ET76,Windjammer Surf Racers,Knott's Berry Farm,North America,United States
24TY89,Winja's Fear & Force,Phantasialand,Europe,Germany
65OJ89,Wipeout ,Pleasurewood Hills,Europe,United Kingdom
91HR45,Wipeout ,Six Flags Great America,North America,United States
25YL22,Wodan Timbur Coaster,Europa-Park,Europe,Germany
26WV42,Wolverine Wildcat,Michigan's Adventure,North America,United States
13LB39,Wonder Mountain's Guardian,Canada's Wonderland,North America,Canada
74VZ88,Wonder Woman Coaster,Six Flags Mexico,North America,Mexico
68IL63,Wonder Woman Flight of Courage,Six Flags Magic Mountain,North America,United States
22IM58,Wonder Woman Golden Lasso Coaster,Six Flags Fiesta Texas,North America,United States
90VA22,Wood Coaster ,OCT East,Asia,China
70SP23,Wooden Coaster - Fireball,Happy Valley Shanghai,Asia,China
76JE86,Wooden Roller Coaster ,Playland,North America,United States
63XV24,Wooden Warrior,Quassy Amusement Park,North America,United States
14UD29,Woodstock Express ,Carowinds,North America,United States
31AA32,Woodstock Express ,Cedar Point,North America,United States
34WE35,Woodstock Express ,Dorney Park & Wildwater Kingdom,North America,United States
90RY62,Woodstock Express ,Kings Dominion,North America,United States
78QH36,Woodstock Express ,Kings Island,North America,United States
81SO98,Woodstock Express ,Michigan's Adventure,North America,United States
50CP97,Woodstock's Express ,California's Great America,North America,United States
62XR99,Woody Woodpecker's Nuthouse Coaster,Universal Studios Florida,North America,United States
94CJ99,X2 ,Six Flags Magic Mountain,North America,United States
56KE88,Xcelerator,Knott's Berry Farm,North America,United States
75QJ73,X-Coaster,Magic Springs and Crystal Falls,North America,United States
45QD39,X-Flight ,Geauga Lake,North America,United States
89RP76,X-Flight ,Six Flags Great America,North America,United States
54PU68,XLR-8,Six Flags AstroWorld,North America,United States
94UH62,Xpress: Platform 13,Walibi Holland,Europe,Netherlands
29NM30,Yankee Cannonball,Canobie Lake Park,North America,United States
74RA17,Yukon Striker,Canada's Wonderland,North America,Canada
44LW22,Zach's Zoomer,Michigan's Adventure,North America,United States
20OX17,Zadra ,Energylandia,Europe,Poland
35YR57,ZDT's Amusement Park,ZDT's Amusement Park,North America,United States
71PG62,Zeus ,Mt. Olympus Water & Theme Park,North America,United States
84DT86,Zimerman ,Wonderland Eurasia,Asia,Turkey
56PQ30,Zip ,Oaks Amusement Park,North America,United States
35LJ80,Zipper Dipper,Blackpool Pleasure Beach,Europe,United Kingdom
60UF69,Zippin Pippin,Bay Beach Amusement Park,North America,United States
63MJ87,Zoomerang ,Lake Compounce,North America,United States
92WF57,Zydeco Scream,Six Flags New Orleans,North America,United States
